{
  "project_info": {
    "project_number": "945030150632",
    "project_id": "karmaloginsystem",
    "storage_bucket": "karmaloginsystem.appspot.com"
  },
  "client": [
    {
      "client_info": {
        "mobilesdk_app_id": "1:945030150632:android:5bf0353f44e3b6d1524c5d",
        "android_client_info": {
          "package_name": "com.example.flutter_application_6"
        }
      },
      "oauth_client": [
        {
          "client_id": "945030150632-p993ttdilqb0octl65f3ig99vt42kiie.apps.googleusercontent.com",
          "client_type": 3
        }
      ],
      "api_key": [
        {
          "current_key": "AIzaSyBSnDDBjmBMEU4pON-AoM7e21FJJJhPWCc"
        }
      ],
      "services": {
        "appinvite_service": {
          "other_platform_oauth_client": [
            {
              "client_id": "945030150632-p993ttdilqb0octl65f3ig99vt42kiie.apps.googleusercontent.com",
              "client_type": 3
            }
          ]
        }
      }
    }
  ],
  "configuration_version": "1"
}